{"mean": 71.29391891891892, "std": 18.651980315096825}